"","id","full_class","layer","class"
"1","C010306C","L1_SLAC","1",NA
"2","C010306E","L1_SLAC","1",NA
"3","C010306G","L1_SLAC","1",NA
"4","C010306M","L1_DAC","1","DAC"
"5","C010306N","L1_SLAC","1",NA
"6","C010398B-I4_COR","L4_LBC","4","LBC"
"7","C010398B-P2","L4_PC","4","PC"
"8","C010398B-P3","L4_SP","4","SP"
"9","C010600A2","L4_NBC","4","NBC"
"10","C010600B1","L4_LBC","4","LBC"
"11","C010600B2","L4_LBC","4","LBC"
"12","C010600C1","L23_SBC","23","SBC"
"13","C010700A","L4_NBC","4","NBC"
"14","C011098A-I3","L23_SBC","23","SBC"
"15","C011098A-P4","L23_PC","23","PC"
"16","C020200-16","L23_NBC","23","NBC"
"17","C020600C1","L4_BTC","4","BTC"
"18","C030397A-P1","L5_TTPC2","5","TTPC2"
"19","C030397A-P2","L5_TTPC2","5","TTPC2"
"20","C030397A-P3","L5_TTPC1","5","TTPC1"
"21","C030502A","L23_NBC","23","NBC"
"22","C030796A-P2","L5_TTPC1","5","TTPC1"
"23","C030796A-P3","L5_TTPC1","5","TTPC1"
"24","C031000B-P3","L23_PC","23","PC"
"25","C031097B-I4","L4_SBC","4","SBC"
"26","C031097B-P3","L4_SP","4","SP"
"27","C040426","L5_MC","5","MC"
"28","C040518","L5_MC","5","MC"
"29","C040600A2","L23_NBC","23","NBC"
"30","C040600B1","L4_NBC","4","NBC"
"31","C040600B2","L23_MC","23","MC"
"32","C040600B3","L23_NBC","23","NBC"
"33","C040601","L5_MC","5","MC"
"34","C040896A-P2","L5_TTPC1","5","TTPC1"
"35","C040896A-P3","L5_TTPC2","5","TTPC2"
"36","C050301A1","L5_NBC","5","NBC"
"37","C050398B-I3","L23_MC","23","MC"
"38","C050398B-I4","L23_LBC","23","LBC"
"39","C050398B-P1","L23_PC","23","PC"
"40","C050398B-P2","L23_PC","23","PC"
"41","C050600B1","L23_LBC","23","LBC"
"42","C050600B2","L23_MC","23","MC"
"43","C050800E2_COR","L4_SS","4","SS"
"44","C050896A-I","L5_MC","5","MC"
"45","C050896A-P1","L5_TTPC1","5","TTPC1"
"46","C050896A-P2","L5_TTPC1","5","TTPC1"
"47","C050896A-P3","L5_TTPC1","5","TTPC1"
"48","C060106B","L1_NGC-DA","1","NGC-DA"
"49","C060106F","L1_HAC","1","HAC"
"50","C060106G","L1_CRC","1",NA
"51","C060109A1","L5_TTPC2","5","TTPC2"
"52","C060109A2","L5_TTPC1","5","TTPC1"
"53","C060109A3","L5_TTPC1","5","TTPC1"
"54","C060110A2","L5_TTPC1","5","TTPC1"
"55","C060110A3","L5_TTPC1","5","TTPC1"
"56","C060110A5","L5_TTPC1","5","TTPC1"
"57","C060112A1","L5_TTPC2","5","TTPC2"
"58","C060112A3","L5_TTPC1","5","TTPC1"
"59","C060112A4","L5_TTPC2","5","TTPC2"
"60","C060112A6","L5_TTPC2","5","TTPC2"
"61","C060112A7","L5_TTPC2","5","TTPC2"
"62","C060114A2","L5_TTPC1","5","TTPC1"
"63","C060114A4","L5_TTPC2","5","TTPC2"
"64","C060114A5","L5_TTPC1","5","TTPC1"
"65","C060114A6","L5_TTPC1","5","TTPC1"
"66","C060114A7","L5_TTPC2","5","TTPC2"
"67","C060116A1","L5_TTPC2","5","TTPC2"
"68","C060116A3","L5_TTPC2","5","TTPC2"
"69","C060116A4","L5_TTPC2","5","TTPC2"
"70","C060116A5","L5_TTPC2","5","TTPC2"
"71","C060202A1","L5_TTPC2","5","TTPC2"
"72","C060202A2","L5_TTPC1","5","TTPC1"
"73","C060202A4","L5_TTPC1","5","TTPC1"
"74","C060202A5","L5_TTPC2","5","TTPC2"
"75","C060202A6","L5_TTPC2","5","TTPC2"
"76","C060400B2","L23_DBC","23","DBC"
"77","C060400C1","L23_MC","23","MC"
"78","C060600A2","L4_LBC","4","LBC"
"79","C060600A3","L4_NBC","4","NBC"
"80","C060998B-I1","L4_SBC","4","SBC"
"81","C060998B-P4","L4_PC","4","PC"
"82","C061000A3","L4_MC","4","MC"
"83","C061128A3","L5_TTPC2","5","TTPC2"
"84","C070109A4","L5_TTPC2","5","TTPC2"
"85","C070301B2","L6_MC","6","MC"
"86","C070600A2","L4_NBC","4","NBC"
"87","C070600A4","L23_SBC","23","SBC"
"88","C070600B2","L4_MC","4","MC"
"89","C080300B2","L23_NBC","23","NBC"
"90","C080301B1","L5_NBC","5","NBC"
"91","C080400A3","L23_ChC","23","ChC"
"92","C080400C2","L23_DBC","23","DBC"
"93","C080501A5","L5_TTPC1","5","TTPC1"
"94","C080501B2","L5_TTPC2","5","TTPC2"
"95","C080998A","L5_LBC","5","LBC"
"96","C090905B","L23_PC","23","PC"
"97","C090997A-I2","L4_MC","4","MC"
"98","C090997A-I3","L4_SBC","4","SBC"
"99","C091000D-I3","L5_ChC","5","ChC"
"100","C100501A3","L23_MC","23","MC"
"101","C110300A1","L23_SBC","23","SBC"
"102","C120398A-I4","L4_LBC","4","LBC"
"103","C120398A-P1","L4_SS","4","SS"
"104","C120398A-P2","L4_SS","4","SS"
"105","C120398A-P3","L4_SS","4","SS"
"106","C120501A1","L23_DBC","23","DBC"
"107","C121097A-I1","L23_MC","23","MC"
"108","C130200-19","L23_DBC","23","DBC"
"109","C130301B","L5_LBC","5","LBC"
"110","C130301C","L5_MC","5","MC"
"111","C130897B-I1","L4_LBC","4","LBC"
"112","C130897B-I4","L4_LBC","4","LBC"
"113","C140201A1","L4_BTC","4","BTC"
"114","C140300B-I2","L23_LBC","23","LBC"
"115","C140300B-I3","L23_LBC","23","LBC"
"116","C140300B-P1","L23_PC","23","PC"
"117","C140600C-I1","L4_DBC","4","DBC"
"118","C140600C-P3","L4_PC","4","PC"
"119","C140898A-I1","L4_SBC","4","SBC"
"120","C140898A-I3","L4_SBC","4","SBC"
"121","C150106E","L1_NGC-SA","1","NGC-SA"
"122","C150501A-I3","L5_MC","5","MC"
"123","C150600B-I1","L23_MC","23","MC"
"124","C150600B-P2","L23_PC","23","PC"
"125","C150897B-I1","L4_MC","4","MC"
"126","C150897B-P2","L4_PC","4","PC"
"127","C160998B-I","L5_BTC","5","BTC"
"128","C170106A","L1_NGC-SA","1","NGC-SA"
"129","C170106B","L1_NGC-SA","1","NGC-SA"
"130","C170106D","L1_NGC-SA","1","NGC-SA"
"131","C170500A-I4_COR","L23_SBC","23","SBC"
"132","C170501A2","L23_MC","23","MC"
"133","C170501A3","L23_IN","23",NA
"134","C170501A4","L23_DBC","23","DBC"
"135","C170797A-I4","L23_MC","23","MC"
"136","C170797A-P1","L23_PC","23","PC"
"137","C170797A-P2","L23_PC","23","PC"
"138","C170897A-I1","L4_NBC","4","NBC"
"139","C170897A-P2","L23_PC","23","PC"
"140","C170897A-P3","L23_PC","23","PC"
"141","C170898A-I1AXON","L4_SBC","4","SBC"
"142","C170898A-P3","L4_SP","4","SP"
"143","C170898A-P4","L4_SP","4","SP"
"144","C170998D-I3","L23_NGC","23","NGC"
"145","C170998D-I4","L23_NBC","23","NBC"
"146","C171105B","L4_IN","4",NA
"147","C180298A-I4","L23_SBC","23","SBC"
"148","C180298A-P2","L23_PC","23","PC"
"149","C180298B-I3","L5_MC","5","MC"
"150","C180997A-P3","L4_SP","4","SP"
"151","C181000A-I3","L4_NBC","4","NBC"
"152","C181200A2","L23_DBC","23","DBC"
"153","C190101B1","L23_PC","23","PC"
"154","C190101B2","L23_IN","23",NA
"155","C190199A-I4","L23_NBC","23","NBC"
"156","C190199A-P3","L23_PC","23","PC"
"157","C190898A-I1","L23_BTC","23","BTC"
"158","C190898A-P2","L23_PC","23","PC"
"159","C190898A-P3","L23_PC","23","PC"
"160","C190997A-I1","L4_MC","4","MC"
"161","C190997A-P4","L4_SP","4","SP"
"162","C200199B-I3","L23_BTC","23","BTC"
"163","C200199B-I4","L23_BTC","23","BTC"
"164","C200301B1","L6_PC","6","PC"
"165","C200897C-I1","L4_NBC","4","NBC"
"166","C200897C-P2","L4_PC","4","PC"
"167","C200897C-P3","L4_PC","4","PC"
"168","C200897C-P4","L4_PC","4","PC"
"169","C210301C1_COR","L5_MC","5","MC"
"170","C210401C","L23_BTC","23","BTC"
"171","C210797A-I_COR","L23_BTC","23","BTC"
"172","C210797A-P1","L23_PC","23","PC"
"173","C220197A-P1","L5_STPC","5","STPC"
"174","C220197A-P2","L5_TTPC1","5","TTPC1"
"175","C220197A-P3","L5_TTPC1","5","TTPC1"
"176","C220498B-I4_COR","L23_BTC","23","BTC"
"177","C220498B-P3_COR","L4_PC","4","PC"
"178","C220797A-I2","L23_BTC","23","BTC"
"179","C220797A-P1","L23_PC","23","PC"
"180","C220797A-P3","L23_PC","23","PC"
"181","C220797A-P4","L23_PC","23","PC"
"182","C220798A-I","L4_LBC","4","LBC"
"183","C230298D-P1","L4_SP","4","SP"
"184","C230300D1","L23_LBC","23","LBC"
"185","C230501A1","L4_DBC","4","DBC"
"186","C230501A4","L4_MC","4","MC"
"187","C230797B-I2","L23_ChC","23","ChC"
"188","C230797B-P1","L23_PC","23","PC"
"189","C230797B-P4","L23_PC","23","PC"
"190","C230998A-I3","L23_BP","23","BP"
"191","C230998A-P2","L23_PC","23","PC"
"192","C230998C-I2_COR","L4_LBC","4","LBC"
"193","C230998C-I4","L4_MC","4","MC"
"194","C231001B1","L23_LBC","23","LBC"
"195","C231001B2","L23_ChC","23","ChC"
"196","C231001B3","L23_DBC","23","DBC"
"197","C231296A-P3","L5_STPC","5","STPC"
"198","C231296A-P4A2","L5_STPC","5","STPC"
"199","C231296A-P4B2","L4_PC","4","PC"
"200","C240199B-I2","L23_MC","23","MC"
"201","C240199B-P1","L23_PC","23","PC"
"202","C240199B-P2","L23_PC","23","PC"
"203","C240298B-I2","L4_SBC","4","SBC"
"204","C240298B-I4","L4_LBC","4","LBC"
"205","C240300C1","L5_BP","5","BP"
"206","C240797B-I2","L23_BTC","23","BTC"
"207","C240797B-P1","L23_PC","23","PC"
"208","C240797B-P3","L23_PC","23","PC"
"209","C240998A-I","L5_BTC","5","BTC"
"210","C240998A-I3","L23_SBC","23","SBC"
"211","C240998A-P4","L23_PC","23","PC"
"212","C250106C","L4_PC","4","PC"
"213","C250106D","L4_IN","4",NA
"214","C250298A-I4","L4_BTC","4","BTC"
"215","C250500A-I4","L23_LBC","23","LBC"
"216","C250500A-P2","L23_PC","23","PC"
"217","C250500A-P3","L23_PC","23","PC"
"218","C251197A-I1","L23_MC","23","MC"
"219","C251197A-I3","L23_MC","23","MC"
"220","C251197A-P4","L23_PC","23","PC"
"221","C260199A-I3","L4_MC","4","MC"
"222","C260199A-P2","L4_PC","4","PC"
"223","C260897C-I1","L23_LBC","23","LBC"
"224","C260897C-P2","L23_PC","23","PC"
"225","C260897C-P3","L23_PC","23","PC"
"226","C260897C-P4","L23_PC","23","PC"
"227","C261296A-P1","L5_TTPC2","5","TTPC2"
"228","C261296A-P2","L5_TTPC2","5","TTPC2"
"229","C261296A-P3","L5_TTPC2","5","TTPC2"
"230","C270106A","L1_DAC","1","DAC"
"231","C270106C","L1_DAC","1","DAC"
"232","C270106E","L1_NGC-DA","1","NGC-DA"
"233","C270106G","L1_DAC","1","DAC"
"234","C270801-I3","L6_LBC","6","LBC"
"235","C270999B-I4","L5_MC","5","MC"
"236","C270999B-P2","L5_STPC","5","STPC"
"237","C270999B-P3","L5_TTPC1","5","TTPC1"
"238","C271097A-I4","L4_LBC","4","LBC"
"239","C271097A-P1","L4_SP","4","SP"
"240","C271097A-P2","L4_SP","4","SP"
"241","C271097A-P3","L4_SP","4","SP"
"242","C280199C-I4","L23_MC","23","MC"
"243","C280199C-P1","L23_PC","23","PC"
"244","C280199C-P2","L23_PC","23","PC"
"245","C280199C-P3","L23_PC","23","PC"
"246","C280206C","L1_SLAC","1",NA
"247","C280998A-I2","L23_NBC","23","NBC"
"248","C280998A-I4","L23_SBC","23","SBC"
"249","C280998A-P3","L23_PC","23","PC"
"250","C280999A-I4","L23_NBC","23","NBC"
"251","C281197A-I2","L4_LBC","4","LBC"
"252","C281197A-I4","L4_NBC","4","NBC"
"253","C281199A-IN","L23_LBC","23","LBC"
"254","C290500B-I2","L23_NBC","23","NBC"
"255","C290500B-I3","L23_MC","23","MC"
"256","C290500C-I4","L5_MC","5","MC"
"257","C290998A","L23_SBC","23","SBC"
"258","C290999C-I4","L5_NBC","5","NBC"
"259","C291101C2","L6CCPC","6",NA
"260","C300106A","L4_SBC","4","SBC"
"261","C300301B1","L4_SBC","4","SBC"
"262","C300797C-I1","L4_BP","4","BP"
"263","C300797C-P2","L4_PC","4","PC"
"264","C300797C-P4","L4_PC","4","PC"
"265","C300898C-I3","L23_NBC","23","NBC"
"266","C300898C-P2","L23_PC","23","PC"
"267","C300997A-I1","L4_DBC","4","DBC"
"268","C300997A-P3","L4_PC","4","PC"
"269","C300997B-I4","L4_NBC","4","NBC"
"270","C301101A1","L6_TPC_L1","6","TPC_L1"
"271","C310106C","L4_LBC","4","LBC"
"272","C310106D","L4_MC","4","MC"
"273","C310897A-I1","L4_MC","4","MC"
"274","C310897A-I2","L4_LBC","4","LBC"
"275","C310897A-P4","L4_PC","4","PC"
"276","C310897B-P3","L4_PC","4","PC"
"277","C310897B-P4","L4_PC","4","PC"
"278","CH021001A1","L6_IPC","6","IPC"
"279","CH021001A2","L6CCPC","6",NA
"280","CH150801A1","L5_TTPC2","5","TTPC2"
"281","CH160801B","L5_TTPC1","5","TTPC1"
"282","FLUO12_LEFT","L6_UTPC","6","UTPC"
"283","FLUO12_RIGHT","L6_UTPC","6","UTPC"
"284","FLUO15_LEFT","L5_UTPC","5","UTPC"
"285","FLUO15_RIGHT","L5_UTPC","5","UTPC"
"286","FLUO18_LOWER","L6_IPC","6","IPC"
"287","FLUO18_UPPER","L5_STPC","5","STPC"
"288","FLUO2_LEFT","L5_STPC","5","STPC"
"289","FLUO2_RIGHT","L5_UTPC","5","UTPC"
"290","FLUO41_LEFT","L6_TPC_L4","6","TPC_L4"
"291","FLUO41_LOWRIGHT","L6_TPC_L4","6","TPC_L4"
"292","FLUO41_RIGHT","L6_TPC_L4","6","TPC_L4"
"293","FLUO42_LEFT","L6CCPC","6",NA
"294","FLUO42_RIGHT","L6_BPC","6","BPC"
"295","FLUO47_LEFT","L5_TTPC1","5","TTPC1"
"296","FLUO47_RIGHT","L5_STPC","5","STPC"
"297","FLUO55_LEFT","L5_STPC","5","STPC"
"298","FLUO55_LOW","L5_TTPC1","5","TTPC1"
"299","FLUO55_RIGHT","L5_TTPC1","5","TTPC1"
"300","FLUO58_LEFT","L6_UTPC","6","UTPC"
"301","FLUO58_RIGHT","L6_TPC_L1","6","TPC_L1"
"302","FLUO6_LEFT","L23_PC","23","PC"
"303","FLUO6_RIGHT","L5_UTPC","5","UTPC"
"304","FLUO9_LEFT","L4_PC","4","PC"
"305","FLUO9_RIGHT","L4_PC","4","PC"
"306","GTS070208-P1","L5_TTPC1","5","TTPC1"
"307","GTS070208-P2","L5_TTPC1","5","TTPC1"
"308","GTS070208-P3","L5_UTPC","5","UTPC"
"309","MPG120305_SL2_IDA","L5_TTPC2","5","TTPC2"
"310","MTC010301A_IDA","L23_MC","23","MC"
"311","MTC010301B_IDE","L5_NBC","5","NBC"
"312","MTC010800B_IDD","L23_MC","23","MC"
"313","MTC020502C_IDA","L23_a special IN","23",NA
"314","MTC020600A_IDB","L4_BTC","4","BTC"
"315","MTC020600B_IDA","L4_SP","4","SP"
"316","MTC020600B_IDB","L23_ChC","23","ChC"
"317","MTC021101A_IDA","L6_LBC","6","LBC"
"318","MTC030800A_IDD","L23_ChC","23","ChC"
"319","MTC030800C_IDA","L4_LBC","4","LBC"
"320","MTC030800C_IDD","L23_MC","23","MC"
"321","MTC031100A_IDA","L23_NBC","23","NBC"
"322","MTC031100A_IDB","L23_BTC","23","BTC"
"323","MTC031100A_IDC","L23_NBC","23","NBC"
"324","MTC031100A_IDD","L23_NBC","23","NBC"
"325","MTC031100B_IDA","L23_CHC","23",NA
"326","MTC040800A_IDB","L23_SBC","23","SBC"
"327","MTC040800A_IDC","L23_NGC","23","NGC"
"328","MTC040800B_IDA","L4_LBC","4","LBC"
"329","MTC040800E_IDF","L6_IPC","6","IPC"
"330","MTC050301A_IDA","L4_LBC","4","LBC"
"331","MTC050301A_IDB","L4_MC","4","MC"
"332","MTC050301A_IDC","L5_LBC","5","LBC"
"333","MTC050600A_IDA","L5_NBC","5","NBC"
"334","MTC050600A_IDB","L4_LBC","4","LBC"
"335","MTC050600A_IDC","L23_PC","23","PC"
"336","MTC050600B_IDA","L4_LBC","4","LBC"
"337","MTC050800A_IDA","L4_NBC","4","NBC"
"338","MTC050800A_IDB","L4_BTC","4","BTC"
"339","MTC050800A_IDC","L23_MC","23","MC"
"340","MTC050800A_IDE","L23_LBC","23","LBC"
"341","MTC050800B_IDB","L23_LBC","23","LBC"
"342","MTC050800D_IDB","L23_LBC","23","LBC"
"343","MTC050800D_IDD","L23_ChC","23","ChC"
"344","MTC050800E_IDD","L4_PC","4","PC"
"345","MTC060400A_IDA","L23_MC","23","MC"
"346","MTC060800A_IDA","L4_SBC","4","SBC"
"347","MTC060800A_IDC","L5_LBC","5","LBC"
"348","MTC060800A_IDD","L4_MC","4","MC"
"349","MTC060800A_IDF","L4_NBC","4","NBC"
"350","MTC060800B_IDA","L23_LBC","23","LBC"
"351","MTC060800C_IDA","L23_LBC","23","LBC"
"352","MTC060800C_IDB","L5_LBC","5","LBC"
"353","MTC060800D_IDA","L4_NBC","4","NBC"
"354","MTC061100A_IDA","L23_MC","23","MC"
"355","MTC061100A_IDC","L23_BTC","23","BTC"
"356","MTC061100A_IDE","L23_LBC","23","LBC"
"357","MTC061100B_IDA","L23_LBC","23","LBC"
"358","MTC061100B_IDD","L23_MC","23","MC"
"359","MTC070301A_IDA","L23_NBC","23","NBC"
"360","MTC070301B_IDA","L6_BPC","6","BPC"
"361","MTC070301B_IDC","L5_ChC","5","ChC"
"362","MTC070301C_IDA","L4_LBC","4","LBC"
"363","MTC070301C_IDB","L4_SP","4","SP"
"364","MTC070600B_IDB","L23_MC","23","MC"
"365","MTC080300A_IDA","L23_PC","23","PC"
"366","MTC080301C_IDA","L4_LBC","4","LBC"
"367","MTC080301D_IDA","L4_MC","4","MC"
"368","MTC080800A_IDC","L4_DBC","4","DBC"
"369","MTC080800A_IDD","L23_LBC","23","LBC"
"370","MTC080800B_IDB","L4_BTC","4","BTC"
"371","MTC080800C_IDA","L23_DBC","23","DBC"
"372","MTC080800C_IDC","L4_LBC","4","LBC"
"373","MTC090401A_IDB","L6_BPC","6","BPC"
"374","MTC090401C_IDA","L4_DBC","4","DBC"
"375","MTC090401C_IDB","L4_LBC","4","LBC"
"376","MTC090800B_IDA","L23_MC","23","MC"
"377","MTC090800B_IDB","L23_LBC","23","LBC"
"378","MTC100100_6_IDB","L23_LBC","23","LBC"
"379","MTC100100_7_IDA","L23_MC","23","MC"
"380","MTC100300A_IDB","L4_NBC","4","NBC"
"381","MTC100300D_IDA","L23_SBC","23","SBC"
"382","MTC100800A_IDB","L23_MC","23","MC"
"383","MTC100800B_IDB","L23_BTC","23","BTC"
"384","MTC110300B_B1-2_NBC_IDB","L23_LBC","23","LBC"
"385","MTC110300B_B1-2_NBC_IDD","L23_LBC","23","LBC"
"386","MTC110301B_IDA","L5_NBC","5","NBC"
"387","MTC110301B_IDB","L6_IPC","6","IPC"
"388","MTC110800C_IDA","L4_ITPC","4",NA
"389","MTC110800C_IDB","L4_IN","4",NA
"390","MTC110800E_IDA","L23_IPC_INVERTED PC IN L2","23",NA
"391","MTC120501A_IDB","L23_DBC","23","DBC"
"392","MTC120501B_IDA","L4_LBC","4","LBC"
"393","MTC120501B_IDB","L23_LBC","23","LBC"
"394","MTC120501B_IDC","L23_PC","23","PC"
"395","MTC120800E_IDB","L23_PC","23","PC"
"396","MTC121100B_IDB","L23_SBC","23","SBC"
"397","MTC121100B_IDG","L23_LBC","23","LBC"
"398","MTC121100B_IDH","L23_SBC","23","SBC"
"399","MTC121100B_IDI","L23_LBC","23","LBC"
"400","MTC121100B_IDJ","L23_BTC","23","BTC"
"401","MTC130200_19_IDB","L23_PC","23","PC"
"402","MTC130201A_IDA","L4_LBC","4","LBC"
"403","MTC130201C_IDB","L4_NGC","4","NGC"
"404","MTC130301A_IDA","L5_LBC","5","LBC"
"405","MTC130301A_IDB","L5_TTPC1","5","TTPC1"
"406","MTC130501B_IDB","L23_MC","23","MC"
"407","MTC130501B_IDC","L4_DBC","4","DBC"
"408","MTC130800A_IDA","L23_LBC","23","LBC"
"409","MTC130800C_IDA","L23_LBC","23","LBC"
"410","MTC130800D_IDA","L4_LBC","4","LBC"
"411","MTC140201B_IDB","L23_LBC","23","LBC"
"412","MTC140401A_IDB","L6_BPC","6","BPC"
"413","MTC140401B_IDB","L5_LBC","5","LBC"
"414","MTC141001A_IDA","L23_SBC","23","SBC"
"415","MTC141001A_IDB","L23_LBC","23","LBC"
"416","MTC141200A_IDA","L4_LBC","4","LBC"
"417","MTC141200C_IDB","L6_BPC","6","BPC"
"418","MTC151001A_IDB","L23_DBC","23","DBC"
"419","MTC151001B_IDB","L23_SBC","23","SBC"
"420","MTC151100A_IDA","L23_LBC","23","LBC"
"421","MTC151100A_IDB","L23_DBC","23","DBC"
"422","MTC151100A_IDC","L23_DBC","23","DBC"
"423","MTC151200B_IDA","L23_LBC","23","LBC"
"424","MTC151200B_IDB","L23_BTC","23","BTC"
"425","MTC151200C_IDA","L23_LBC","23","LBC"
"426","MTC151200D_IDA","L4_LBC","4","LBC"
"427","MTC161001A_IDA","L23_LBC","23","LBC"
"428","MTC170101A_IDA","L23_MC","23","MC"
"429","MTC170501A_IDA","L23_LBC","23","LBC"
"430","MTC171001A_IDA","L4_PC","4","PC"
"431","MTC171001A_IDB","L23_MC","23","MC"
"432","MTC171001A_IDC","L5_MC","5","MC"
"433","MTC180101A_IDA","L23_DBC","23","DBC"
"434","MTC180101B_IDB","L23_MC","23","MC"
"435","MTC180800A_IDB","L23_SBC","23","SBC"
"436","MTC180800A_IDC","L23_LBC","23","LBC"
"437","MTC180800C_IDA","L4_LBC","4","LBC"
"438","MTC181001A_IDB","L23_PC","23","PC"
"439","MTC181001B_IDB","L4_SS_special","4",NA
"440","MTC181200C_IDA","L23_CHC","23",NA
"441","MTC190401A_IDC","L4_MC","4","MC"
"442","MTC190800A_IDA","L23_LBC","23","LBC"
"443","MTC190800B_IDB","L23_LBC","23","LBC"
"444","MTC190800C_IDB","L23_MC","23","MC"
"445","MTC190800C_IDD","L23_LBC","23","LBC"
"446","MTC191200A_IDA","L23_BTC","23","BTC"
"447","MTC191200B_IDA","L23_PC","23","PC"
"448","MTC200301A_IDB","L6_IPC","6","IPC"
"449","MTC200301B_IDB","L6_BPC","6","BPC"
"450","MTC210301A_IDA","L5_BTPC","5",NA
"451","MTC210301B_IDA","L5_LBC","5","LBC"
"452","MTC210301C_IDB","L5_MC","5","MC"
"453","MTC210401C_IDA","L23_LBC","23","LBC"
"454","MTC211200B_IDA","L23_SBC","23","SBC"
"455","MTC211200C_IDA","L4_LBC","4","LBC"
"456","MTC211299_3_IDA","L23_DBC","23","DBC"
"457","MTC211299_4_IDC","L23_DBC","23","DBC"
"458","MTC211299_4_IDD","L23_LBC","23","LBC"
"459","MTC220402A_IDB","L23_BP","23","BP"
"460","MTC220601B_IDC","L23_BTC","23","BTC"
"461","MTC221001A_IDA","L23_PC","23","PC"
"462","MTC221001B_IDA","L4_MC","4","MC"
"463","MTC221001B_IDB","L23_DBC","23","DBC"
"464","MTC221001B_IDE","L23_PC","23","PC"
"465","MTC221001C_IDA","L23_MC","23","MC"
"466","MTC231001A_IDA","L23_NBC","23","NBC"
"467","MTC231001A_IDB","L23_LBC","23","LBC"
"468","MTC231001B_IDA","L23_DBC","23","DBC"
"469","MTC231001B_IDB","L23_ChC","23","ChC"
"470","MTC231100A_IDA","L23_LBC","23","LBC"
"471","MTC231100A_IDB","L23_PC","23","PC"
"472","MTC240300A_IDB","L23_BTC","23","BTC"
"473","MTC250300A_IDD","L23_LBC","23","LBC"
"474","MTC250402A_IDA","L23_SBC","23","SBC"
"475","MTC251001A_IDB","L4_NBC","4","NBC"
"476","MTC260800B_IDA","L4_NBC","4","NBC"
"477","MTC260800D_IDA","L23_LBC","23","LBC"
"478","MTC261001B_IDB","L23_ChC","23","ChC"
"479","MTC261001B_IDD","L23_LBC","23","LBC"
"480","MTC270202A_IDA","L4_LBC","4","LBC"
"481","MTC270202B_IDA","L23_a special IN","23",NA
"482","MTC270202C_IDA","L23_ChC","23","ChC"
"483","MTC280600A_IDA","L23_SBC","23","SBC"
"484","MTC280600A_IDB","L23_LBC","23","LBC"
"485","MTC280600C_IDA","L23_SBC","23","SBC"
"486","MTC290301A_IDB","L5_BTPC","5",NA
"487","MTC291001C_IDA","L5_LBC","5","LBC"
"488","MTC291001C_IDB","L23_DBC","23","DBC"
"489","MTC291001D_IDC","L23_MC","23","MC"
"490","MTC300301B_IDA","L5_LBC","5","LBC"
"491","MTC300402A_IDB","L23_LBC","23","LBC"
"492","MTC300600A_IDB","L6_BPC","6","BPC"
"493","MTC300600C_IDA","L23_NBC","23","NBC"
"494","MTC310301A_IDA","L5_BTC","5","BTC"
"495","MTC311001A_IDD","L4_ChC","4","ChC"
"496","MTC311001B_IDB","L23_MC","23","MC"
"497","OG060523B1_CH7_MC_H_ZK_60X_1","L6_BTC","6","BTC"
"498","OG060523B1-2_IDA","L6_LBC","6","LBC"
"499","OG060523B1-2_IDD","L6_BTC","6","BTC"
"500","OG060523B2_CH7_MC_H_ZK_60X_1","L6_LBC","6","LBC"
"501","OG060602A2_CH7_MC_N_NB_100X_1","L6_MC","6","MC"
"502","OG060622A1_CH1_BC_N_NB_100X_1","L6_NBC","6","NBC"
"503","OG060710A1-5_IDC","L6_HPC","6",NA
"504","OG060805_4A_IDC","L5_MC","5","MC"
"505","OG060805A1_CH5_MC_N_NB_100X_1","L6_MC","6","MC"
"506","OG060810A6_CH_L6EA_N_OG_100X","L6_EA","6",NA
"507","OG060810A8_011807_CH5_BC_O_NR_60X_0","L6_LBC","6","LBC"
"508","OG060814A1-7_IDA","L6_BPC","6","BPC"
"509","OG060822A1-2_IDB","L6_LBC","6","LBC"
"510","OG060826C1-4_IDA","L6_BPC","6","BPC"
"511","OG060826C1-4_IDB","L6_NBC","6","NBC"
"512","OG060826C1-4_IDC","L6_LBC","6","LBC"
"513","OG060828B1-5_IDD","L5_LBC","5","LBC"
"514","OG060828C2_061205_CH1_L6MC_N_OG_100X_","L6_LBC","6","LBC"
"515","OG060829A1-4_IDB","L5_LBC","5","LBC"
"516","OG060829A1-4_IDE","L6_NBC","6","NBC"
"517","OG060901A1-4_IDA","L6_LBC","6","LBC"
"518","OG060901A3_061218_CH7_L6LBC_100X","L6_LBC","6","LBC"
"519","OG060904A1-3_IDC","L5_LBC","5","LBC"
"520","OG060905B1-4_IDA","L6_DBC","6","DBC"
"521","OG060905B1-4_IDC","L6_HPC","6",NA
"522","OG060906A1-4_IDE","L6_NBC","6","NBC"
"523","OG060907A1-3_IDI","L6_HBTC","6",NA
"524","OG060907A2_070120_CH_L6SBC_100X","L6_NBC","6","NBC"
"525","OG060907B1-3_IDC","L6_LBC","6","LBC"
"526","OG060921A_4_IDB","L6_LBC","6","LBC"
"527","OG060921A3_CH5_BC_H_ZK_60X_1","L6_NBC","6","NBC"
"528","OG060922A1-4_IDA","L6_NBC","6","NBC"
"529","OG061012B_IDB","L6_NBC","6","NBC"
"530","OG061106A1_IDA","L5_SBC","5","SBC"
"531","OG061108A1-3_IDC","L6_HPC","6",NA
"532","OG061108A1-3_IDD","L5_HBTC","5",NA
"533","OG061123A1-4_IDA","L6_HPC","6",NA
"534","OG061123A1-4_IDB","L5_NBC","5","NBC"
"535","OG061123A1-4_IDD","L5_INT","5",NA
"536","OG061123A1-4_IDE","L5_LBC","5","LBC"
"537","OG061123B1-3_IDA","L5_UTPC","5","UTPC"
"538","OG061123B1-3_IDB","L5_LBC","5","LBC"
"539","OG061201A1-8_IDA","L6_MC","6","MC"
"540","OG061201A1-8_IDE","L6_LBC","6","LBC"
"541","OG061201A1-8_IDF","L6_INT","6",NA
"542","OG061201A3_CH1_IN_H_ZK_60X_1","L6_MC","6","MC"
"543","OG061201A6_CH5_BC_H_ZK_60X_1","L6_LBC","6","LBC"
"544","OG061201A7_CH1_BC_H_ZK_60X_1","L6_INT","6",NA
"545","RP080520-1C_P10","L5_TTPC1","5","TTPC1"
"546","RP080520-1C_P12","L5_UTPC","5","UTPC"
"547","RP080520-1C_P2","L5_TTPC2","5","TTPC2"
"548","RP080520-1C_P3","L5_STPC","5","STPC"
"549","RP080520-1C_P4","L5_UTPC","5","UTPC"
"550","RP080520-1C_P5","L5_TTPC","5",NA
"551","RP080520-1C_P7","L5_TTPC","5",NA
"552","RP080520-1C_P9","L5_TTPC","5",NA
"553","RP090908_C1","L5_STPC","5","STPC"
"554","RP090908_C2","L5_TTPC1","5","TTPC1"
"555","RP090908_C3","L5_TTPC1","5","TTPC1"
"556","RP090908_C5","L5_STPC","5","STPC"
"557","RP100125_C1_IDA","L5_TTPC2","5","TTPC2"
"558","RP100125_C1_IDB","L5_TTPC2","5","TTPC2"
"559","RP100426-1_IDA","L5_NBC","5","NBC"
"560","RP100426-1_IDB","L5_UTPC","5","UTPC"
"561","RP100426-1_IDC","L6_BPC","6","BPC"
"562","RP100426-1_IDD","L5_MC","5","MC"
"563","RP100426-1_IDE","L5_MC","5","MC"
"564","RP100426-1_IDF","L5_UTPC","5","UTPC"
"565","RP100426-2_IDA","L23_MC","23","MC"
"566","RP100426-2_IDB","L23_NBC","23","NBC"
"567","RP100426-2_IDC","L23_PC","23","PC"
"568","RP100426-2_IDF","L5_STPC","5","STPC"
"569","RP100427-123_IDB","L4_NBC","4","NBC"
"570","RP100427-123_IDC","L4_SP","4","SP"
"571","RP100427-123_IDG","L6_NPC","6",NA
"572","RP100427-123_IDH","L5_NBC","5","NBC"
"573","RP100427-123_IDI","L6_MC","6","MC"
"574","RP100427-123_IDJ","L6_BPC","6","BPC"
"575","RP100427-123_IDP","LBC",NA,"LBC"
"576","RP100427-123_IDQ","L6_NBC","6","NBC"
"577","RP100428-12_IDA","L6_UTPC","6","UTPC"
"578","RP100428-12_IDC","L5_DBC","5","DBC"
"579","RP100428-12_IDD","L4_SP","4","SP"
"580","RP100428-12_IDE","L4_DBC","4","DBC"
"581","RP100428-12_IDG","L4_SP","4","SP"
"582","RP100428-12_IDI","L5_DBC","5","DBC"
"583","RP100428-12_IDJ","INT",NA,NA
"584","RP100428-12_IDK","L6_SBC","6","SBC"
"585","RP100428-12_IDL","L4_NBC","4","NBC"
"586","RP100428-12_IDM","L6_TPC_L4","6","TPC_L4"
"587","RP100428-3_IDB","L5_LBC","5","LBC"
"588","RP100428-3_IDD","L5_STPC","5","STPC"
"589","RP100428-3_IDE","L5_MC","5","MC"
"590","RP100428-3_IDH","L6_BPC","6","BPC"
"591","RP100428-3_IDI","L4_DBC","4","DBC"
"592","RP101020_1_E1-5_INT_IDB","L5_LBC","5","LBC"
"593","RP101020_1_E1-5_INT_IDD","DBC",NA,"DBC"
"594","RP101020_2_INT_IDA","L5_MC","5","MC"
"595","RP101020_2_INT_IDB","L5_MC","5","MC"
"596","RP101020_2_INT_IDC","L5_MC","5","MC"
"597","RP101026_1_INT_IDC","L5_NBC","5","NBC"
"598","RP101213_L5-1_IDC","L5_UTPC","5","UTPC"
"599","RP101213_L5-2_IDB","L5_MC","5","MC"
"600","RP101228_L5-1_IDA","L6_BPC","6","BPC"
"601","RP101228_L5-2_IDC","L5_UTPC","5","UTPC"
"602","RP101228_L5-2_IDD","L5_UTPC","5","UTPC"
"603","RP101228_L5-3_IDB","L5_LBC","5","LBC"
"604","RP101228_L5-3_IDC","L6_LBC","6","LBC"
"605","RP101228_L5-3_IDD","L5_UTPC","5","UTPC"
"606","RP101228_L5-3_IDE","L5_DBC","5","DBC"
"607","RP101228_L5-3_IDF","L5_BTC","5","BTC"
"608","RP101228_L5-4_IDA","L4_SP","4","SP"
"609","RP101228_L5-4_IDC","L4_SP","4","SP"
"610","RP101228_L5-4_IDE","L4_DBC","4","DBC"
"611","RP101229_L5-1_IDA","L5_UTPC","5","UTPC"
"612","RP101229_L5-1_IDB","L5_INT","5",NA
"613","RP101229_L5-1_IDC","L5_UTPC","5","UTPC"
"614","RP101229_L5-1_IDD","L5_NBC","5","NBC"
"615","RP101229_L5-2_IDC","L4_MC","4","MC"
"616","RP101229_L5-2_IDE","L4_SP","4","SP"
"617","RP110105_L5_1-2_IDG","L5_NBC","5","NBC"
"618","RP110105_L5-3_IDB","L5_DBC","5","DBC"
"619","RP110107_L5-1_IDA","L5UTPC","5","UTPC"
"620","RP110107_L5-1_IDB","L5_SBC","5","SBC"
"621","RP110107_L5-1_IDC","L5_NBC","5","NBC"
"622","RP110110_L5-3_IDA","L5_SBC","5","SBC"
"623","RP110111_L5-2_IDH","L4_SS","4","SS"
"624","RP110111_L5-3_IDA","L4_NBC","4","NBC"
"625","RP110111_L5-3_IDB","L5_MC","5","MC"
"626","RP110112_L5-3_IDA","L4_SP","4","SP"
"627","RP110112_L5-3_IDB","L4_SBC","4","SBC"
"628","RP110112_L5-3_IDD","L4_NBC","4","NBC"
"629","RP110113_L5-1_IDA","L4_NBC","4","NBC"
"630","RP110113_L5-1_IDC","L4_NBC","4","NBC"
"631","RP110113_L5-2_IDB","L4_DBC","4","DBC"
"632","RP110113_L5-2_IDC","L5_DBC","5","DBC"
"633","RP110113_L5-2_IDD","L5_MC","5","MC"
"634","RP110113_L5-3_IDA","L4_LBC","4","LBC"
"635","RP110114_L5-1_IDE","L5_DBC","5","DBC"
"636","RP110114_L5-1_IDF","L5_INT","5",NA
"637","RP110114_L5-1_IDG","L4_LBC","4","LBC"
"638","RP110114_L5-1_IDH","L4_MC","4","MC"
"639","RP110119_L5-1_IDA","L5_STPC","5","STPC"
"640","RP110119_L5-1_IDB","L5_NBC","5","NBC"
"641","RP110119_L5-1_IDC","L5_STPC","5","STPC"
"642","RP110119_L5-1_IDD","L5_MC","5","MC"
"643","RP110119_L5-1_IDF","L5_MC","5","MC"
"644","RP110119_L5-1_IDG","L5_STPC","5","STPC"
"645","RP110119_L5-2_IDA","L5_MC","5","MC"
"646","RP110119_L5-2_IDB","L6_MC","6","MC"
"647","RP110119_L5-2_IDC","L6_SBC","6","SBC"
"648","RP110119_L5-2_IDD","L5_NBC","5","NBC"
"649","RP110119_L5-2_IDE","L5_BTC","5","BTC"
"650","RP110119_L5-2_IDF","L5_MC","5","MC"
"651","RP110120_L5-2_IDH","L5_LBC","5","LBC"
"652","RP110120_L5-3_IDA","L5_SBC","5","SBC"
"653","RP110120_L5-3_IDB","L6_MC","6","MC"
"654","RP110120_L5-3_IDC","L6_BPC","6","BPC"
"655","RP110120_L5-3_IDD","L6_NBC","6","NBC"
"656","RP110120_L5-3_IDE","L6_MC","6","MC"
"657","RP110120_L5-3_IDF","L6_LBC","6","LBC"
"658","RP110120_L5-3_IDG","L6_BPC","6","BPC"
"659","RP110120_L5-4_IDB","L6_SBC","6","SBC"
"660","RP110121_L5-1_IDC","L5_NBC","5","NBC"
"661","RP110121_L5-1_IDD","L5_UTPC","5","UTPC"
"662","RP110121_L5-1_IDG","L5_BTC","5","BTC"
"663","RP110121_L5-1_IDH","L6_NPC ","6",NA
"664","RP110121_L5-2_IDA","L4_NBC","4","NBC"
"665","RP110121_L5-2_IDB","L4_NBC","4","NBC"
"666","RP110121_L5-2_IDF","L6_NBC","6","NBC"
"667","RP110125_L5-1_IDA","L4_LBC","4","LBC"
"668","RP110125_L5-1_IDC","L6_SBC","6","SBC"
"669","RP110125_L5-1_IDD","L5_LBC","5","LBC"
"670","RP110125_L5-1_IDF","L5_DBC","5","DBC"
"671","RP110125_L5-1_IDG","L5_MC","5","MC"
"672","RP110125_L5-1_IDH","L5_MC","5","MC"
"673","RP110125_L5-1_IDI","L5_MC","5","MC"
"674","RP110125_L5-1_IDJ","L5_MC","5","MC"
"675","RP110125_L5-2_IDA","L6_NGC","6","NGC"
"676","RP110125_L5-2_IDC","L6_MC","6","MC"
"677","RP110125_L5-2_IDE","L5_LBC","5","LBC"
"678","RP110125_L5-2_IDF","L6_TPC_L4","6","TPC_L4"
"679","RP110125_L5-2_IDG","L5_BTC","5","BTC"
"680","RP110125_L5-2_IDH","L5_NBC","5","NBC"
"681","RP110125_L5-3_IDB","L4_MC","4","MC"
"682","RP110127_L5-1_IDC","L5_NBC","5","NBC"
"683","RP110127_L5-1_IDD","L6_IPC","6","IPC"
"684","RP110127_L5-1_IDE","L5_BP","5","BP"
"685","RP110127_L5-1_IDF","L5_BTC","5","BTC"
"686","RP110127_L5-2_IDB","L5_BTC","5","BTC"
"687","RP110127_L5-2_IDC","L5_BP","5","BP"
"688","RP110127_L5-2_IDD","L5_MC","5","MC"
"689","RP110127_L5-2_IDE","L5_DBC","5","DBC"
"690","RP110127_L5-2_IDF","L5_MC","5","MC"
"691","RP110127_L5-2_IDG","L4_BTC","4","BTC"
"692","RP110127_L5-2_IDH","L5_STPC","5","STPC"
"693","RP110127_L5-2_IDI","L5_BTC","5","BTC"
"694","RP110127_L5-3_IDB","L4_DBC","4","DBC"
"695","RP110127_L5-3_IDC","L6_IPC","6","IPC"
"696","RP110127_L5-3_IDF","L5_MC","5","MC"
"697","RP110127_L5-3_IDH","L5_BTC","5","BTC"
"698","RP110127_L5-3_IDI","L5_LBC","5","LBC"
"699","RP110131_L5-1_IDA","L4_NBC","4","NBC"
"700","RP110131_L5-1_IDC","L6_MC","6","MC"
"701","RP110131_L5-1_IDD","L4_NBC","4","NBC"
"702","RP110131_L5-1_IDE","L6_MC","6","MC"
"703","RP110131_L5-2_IDA","L5_MC","5","MC"
"704","RP110131_L5-2_IDB","L5_NBC","5","NBC"
"705","RP110201_L5-1_IDA","L5_ChC","5","ChC"
"706","RP110201_L5-1_IDB","L5_MC","5","MC"
"707","RP110201_L5-2_IDA","L5_LBC","5","LBC"
"708","RP110201_L5-2_IDB","L5_NBC","5","NBC"
"709","RP110202_L5-2_IDA","L5_NBC","5","NBC"
"710","RP110202_L5-2_IDB","L5_LBC","5","LBC"
"711","RP110203_L5-2_IDA","L5_LBC","5","LBC"
"712","RP110203_L5-3_IDA","L5_STPC","5","STPC"
"713","RP110204_L5-1_IDA","L5_SBC","5","SBC"
"714","RP110207_L5-1_IDA","L5_LBC","5","LBC"
"715","RP110207_L5-1_IDB","L5_MC","5","MC"
"716","RP110207_L5-1_IDC","L5_LBC","5","LBC"
"717","RP110207_L5-2_IDA","L4_NBC","4","NBC"
"718","RP110207_L5-2_IDB","L4_NBC","4","NBC"
"719","RP110208_L5-2_IDA","L5_NBC","5","NBC"
"720","RP110419_C1_IDA","L5_LBC","5","LBC"
"721","RP110419_C1_IDB","L5_MC","5","MC"
"722","RP110419_C1_IDC","L5_TTPC1","5","TTPC1"
"723","RP110420_C1_IDA","L5_NBC","5","NBC"
"724","RP110420_C1_IDB","L5_PC w api cut","5",NA
"725","RP110427_C1_IDA","L5_BP","5","BP"
"726","RP110427_C1_IDB","L5_BTC","5","BTC"
"727","RP110427_C2_IDA","L5_NBC","5","NBC"
"728","RP110427_C2_IDB","L5_LBC","5","LBC"
"729","RP110504_C1_IDA","L5_MC","5","MC"
"730","RP110506_C1+2_IDA","L5_NBC","5","NBC"
"731","RP110506_C1+2_IDB","L5_NBC","5","NBC"
"732","RP110511_C1_IDA","L5_UTPC","5","UTPC"
"733","RP110616_C1_IDA","L5_TTPC1","5","TTPC1"
"734","RP110616_C1_IDB","L5_TTPC1","5","TTPC1"
"735","RP110630_P1_IDC","L5_TTPC1","5","TTPC1"
"736","RP110710_C1+2_IDD","L6_UTPC","6","UTPC"
"737","RP110710_C3_IDA","L5_LBC","5","LBC"
"738","RP110710_C3_IDB","L5_UTPC","5","UTPC"
"739","RP110711_C1+2_IDA","L4_NBC","4","NBC"
"740","RP110711_C1+2_IDB","L5_MC","5","MC"
"741","RP110711_C3_IDA","L5_NBC","5","NBC"
"742","RP110722_C1_IDA","L5_STPC","5","STPC"
"743","RP110725_C2_IDB","L5_UTPC","5","UTPC"
"744","RP111203_C3_IDA","L5_TTPC1","5","TTPC1"
"745","RP111203_C3_IDB","L5_TTPC1","5","TTPC1"
"746","RP111205_C1_IDC","L5_TTPC2","5","TTPC2"
"747","RP111205_C1_IDD","L5_TTPC1","5","TTPC1"
"748","RP111205_C1_IDE","L5_TTPC2","5","TTPC2"
"749","RP111213_C1_IDA","L5_TTPC1","5","TTPC1"
"750","RP111213_C1_IDB","L5_TTPC1","5","TTPC1"
"751","RP111213_C1_IDC","L5_TTPC1","5","TTPC1"
"752","RP111213_C3_IDA","L5_TTPC2","5","TTPC2"
"753","RP111213_C3_IDB","L5_TTPC2","5","TTPC2"
"754","RP111214_C2_IDA","L5_TTPC1","5","TTPC1"
"755","RP111214_C2_IDB","L5_TTPC1","5","TTPC1"
"756","RP111215_C1+C2_IDA","L5_TTPC2","5","TTPC2"
"757","RP111215_C1+C2_IDB","L5_TTPC1","5","TTPC1"
"758","RP111215_C1+C2_IDC","L5_TTPC1","5","TTPC1"
"759","RP111215_C1+C2_IDD","L5_TTPC1","5","TTPC1"
"760","RP120305_DEEP_3_IDC","L23_PC","23","PC"
"761","RP120307_DEEP_1_IDB","L23_PC","23","PC"
"762","RP120307_DEEP_2_IDA","L23_PC","23","PC"
"763","RP120309_DEEP_2_IDA","L2_IN",NA,NA
"764","RP120312_DEEP_2_IDA","L23_PC","23","PC"
"765","RP120430_P_1_IDA","L4_PC","4","PC"
"766","RP120430_P_1_IDB","L5_TTPC1","5","TTPC1"
"767","RP120430_P-2_IDA","L23_PC","23","PC"
"768","RP120430_P-2_IDC","L23_PC","23","PC"
"769","RP120507_P-1_IDA","L23_SBC","23","SBC"
"770","RP120509_P-1_IDA","L4_PC","4","PC"
"771","RP120509_P-1_IDB","L4_PC","4","PC"
"772","RP120509_P-2_IDA","L23_PC","23","PC"
"773","RP120509_P-2_IDB","L4_PC","4","PC"
"774","RP120510_P-2_IDA","L23_PC","23","PC"
"775","RP120516_P-1_IDA","L23_LBC","23","LBC"
"776","RP120521_P_1_IDB","L4_SP","4","SP"
"777","RP120521_P_1_IDC","L4_SP","4","SP"
"778","RP120524_P_2_IDD","L5_TTPC1","5","TTPC1"
"779","RP120525_P_1_IDC","L5_TTPC2","5","TTPC2"
"780","RP120529_P-3_IDB","L5_TTPC1","5","TTPC1"
"781","RP120531_P_2_IDA","L23_PC","23","PC"
"782","RP120531_P_2_IDC","L4_PC","4","PC"
"783","RP120604_P_1_IDA","L4_SP","4","SP"
"784","RP120604_P_1_IDC","L4_PC","4","PC"
"785","RP120604_P_1_IDD","L4_SS","4","SS"
"786","RP120604_P_3_IDA","L4_PC","4","PC"
"787","RP120604_P-2_IDB","L4_SS","4","SS"
"788","RP120604_P-2_IDC","L4_PC","4","PC"
"789","RP120607_P_1+2_IDA","L4_PC","4","PC"
"790","RP120607_P_1+2_IDB","L4_SP","4","SP"
"791","RP120607_P_1+2_IDC","L4_PC","4","PC"
"792","RP120607_P_1+2_IDD","L4_PC","4","PC"
"793","RP120607_P_1+2_IDE","L4_NBC","4","NBC"
"794","RP120607_P_1+2_IDH","L4_special IN","4",NA
"795","RP120608_P_3_IDA","L4_PC","4","PC"
"796","RP120608_P_3_IDB","L4_SP","4","SP"
"797","RP120608_P_3_IDC","L4_SS","4","SS"
"798","RP120608_P_3_IDD","L4_SS","4","SS"
"799","RP120722_L4-1_IDC","L4_PC","4","PC"
"800","RP120722_L4-1_IDD","L4_PC","4","PC"
"801","RP120722_L4-1_IDE","L4_PC","4","PC"
"802","RP120722_L4-1_IDF","L4_SP","4","SP"
"803","RP120723_L4-2_IDA","L4_SP","4","SP"
"804","RP120723_L4-2_IDG","L4_SP","4","SP"
"805","RP120723_L4-2_IDH","L4_PC","4","PC"
"806","RP120802_P-1_IDA","L5_LBC","5","LBC"
"807","RP120802_P-1_IDB","L5_UTPC","5","UTPC"
"808","RP120802_P-1_IDD","L5_UTPC","5","UTPC"
"809","RP120803_P_1_IDA","L4_PC","4","PC"
"810","RP120803_P_1_IDB","L4_SP","4","SP"
"811","RP120803_P_1_IDC","L4_PC","4","PC"
"812","RP120803_P_1_IDD","L4_LBC","4","LBC"
"813","RP120813_P_2_IDA","L5_STPC","5","STPC"
"814","RP120902_P_2_IDB","L4_PC","4","PC"
"815","RP120913_P_1_IDC","L4_MC","4","MC"
"816","RP120914_P_1_IDA","L4_NBC","4","NBC"
"817","RP120914_P_1_IDC","L4_PC","4","PC"
"818","RP120919_P_2_IDA","L4_SBC","4","SBC"
"819","RP140212_ECODE_3_IDB","L23_ChC","23","ChC"
"820","RP140212_ECODE_3_IDC","L23_PC","23","PC"
"821","RP140319_CHC_3_IDA","L4_BP","4","BP"
"822","RP140328_CHC_4_IDA","L23_ChC","23","ChC"
"823","RR090423_IDA","L23_PC","23","PC"
"824","RR101124C1_IDA","L23_PC","23","PC"
"825","RR110113C1_IDA","L23_PC","23","PC"
"826","RR110114C1_IDA","L23_PC","23","PC"
"827","RR110119B_IDB","L23_PC","23","PC"
"828","RR110119C_IDB","L23_PC","23","PC"
"829","RR110121A_IDB","L23_PC","23","PC"
"830","RR110125B_IDA","L23_PC","23","PC"
"831","RR110125B_IDB","L23_PC","23","PC"
"832","RR110330_C3_IDA","L23_PC","23","PC"
"833","SM080529A1-5_IDA","L1_DAC","1","DAC"
"834","SM080529A1-5_IDB","L1_SLAC","1",NA
"835","SM080529A1-5_IDD","L1_NGC-SA","1","NGC-SA"
"836","SM080618A1-8_IDE","L1_HAC","1","HAC"
"837","SM080619A1-7_IDF","L1_NGC-DA","1","NGC-DA"
"838","SM080619A1-7_IDG","L1_DAC","1","DAC"
"839","SM080625A1-6_IDD","L1_DAC","1","DAC"
"840","SM080722B1_IDA","L1_NGC-DA","1","NGC-DA"
"841","SM080722B1_IDB","L1_DLAC","1",NA
"842","SM080723A1-4_IDC","L1_DAC","1","DAC"
"843","SM080723A1-4_IDD","L1_NGC-DA","1","NGC-DA"
"844","SM080902A1-5_IDB","L1_HAC","1","HAC"
"845","SM080902A1-5_IDC","L1_DAC","1","DAC"
"846","SM080902A1-5_IDD","L1_NGC-SA","1","NGC-SA"
"847","SM080903A1-3_IDA","L1_NGC-DA","1","NGC-DA"
"848","SM080903A1-3_IDB","L1_NGC-SA","1","NGC-SA"
"849","SM080904A1-6_IDA","L1_DLAC","1",NA
"850","SM080904A1-6_IDB","L1_DLAC","1",NA
"851","SM080904A1-6_IDC","L1_NGC-SA","1","NGC-SA"
"852","SM080904A1-6_IDE","L1_HAC","1","HAC"
"853","SM080905A1-3_IDA","L1_NGC-DA","1","NGC-DA"
"854","SM080905A1-3_IDB","L1_HAC","1","HAC"
"855","SM080905A1-3_IDC","L1_NGC-DA","1","NGC-DA"
"856","SM080905B1-6_IDA","L1_HAC","1","HAC"
"857","SM080908A1-7_IDA","L1_HAC","1","HAC"
"858","SM080908A1-7_IDC","L1_HAC","1","HAC"
"859","SM080908A1-7_IDD","L1_SLAC","1",NA
"860","SM080917A1-4_IDA","L1_SLAC","1",NA
"861","SM080918A1-5_IDA","L1_HAC","1","HAC"
"862","SM080918A1-5_IDB","L1_SLAC","1",NA
"863","SM080930A1-5_IDB","L1_DLAC","1",NA
"864","SM080930A1-5_IDC","L1_DAC","1","DAC"
"865","SM081007A3-A5_IDA","L1_DLAC","1",NA
"866","SM081007A3-A5_IDB","L1_NGC-DA","1","NGC-DA"
"867","SM081009A1-7_IDA","L1_HAC","1","HAC"
"868","SM081009A1-7_IDB","L1_HAC","1","HAC"
"869","SM081009A1-7_IDC","L1_HAC","1","HAC"
"870","SM081009A1-7_IDE","L1_NGC-DA","1","NGC-DA"
"871","SM081010A1-6_IDC","L1_NGC-DA","1","NGC-DA"
"872","SM081010A1-6_IDE","L1_NGC-DA","1","NGC-DA"
"873","SM081017B1-6_IDA","L1_HAC","1","HAC"
"874","SM081017B1-6_IDB","L1_DLAC","1",NA
"875","SM081017B1-6_IDC","L1_HAC","1","HAC"
"876","SM081017B1-6_IDD","L1_NGC-SA","1","NGC-SA"
"877","SM081017B1-6_IDE","L1_SLAC","1",NA
"878","SM081017B1-6_IDF","L1_NGC-DA","1","NGC-DA"
"879","SM081023A1-4_IDF","L1_NGC-DA","1","NGC-DA"
"880","SM081024A1-2_IDA","L1_NGC-SA","1","NGC-SA"
"881","SM081024A1-2_IDB","L1_NGC-SA","1","NGC-SA"
"882","SM081119A1-6_IDD","L1_HAC","1","HAC"
"883","SM090121A1-3_IDA","L1_NGC-SA","1","NGC-SA"
"884","SM090130A1-5_IDB","L1_NGC-DA","1","NGC-DA"
"885","SM090130B1-3_IDA","L1_NGC-SA","1","NGC-SA"
"886","SM090130B1-3_IDB","L1_NGC-SA","1","NGC-SA"
"887","SM090224B1-2_IDB","L1_NGC-SA","1","NGC-SA"
"888","SM090227A1-2_IDA","L1_HAC","1","HAC"
"889","SM090227A1-2_IDC","L1_SLAC","1",NA
"890","SM090227A1-2_IDD","L1_NGC-SA","1","NGC-SA"
"891","SM090304A1-6_IDC","L1_HAC","1","HAC"
"892","SM090312A1-5_IDA","L1_SLAC","1",NA
"893","SM090312A1-5_IDE","L1_SLAC","1",NA
"894","SM090317A1-4_IDB","L1_HAC","1","HAC"
"895","SM090707A1-4_IDA","L1_NGC-DA","1","NGC-DA"
"896","SM090707A1-4_IDB","L1_DLAC","1",NA
"897","SM090918B1-3_IDA","L1_DAC","1","DAC"
"898","SM090918B1-3_IDB","L1_DAC","1","DAC"
"899","SM091001A1-3_IDA","L1_DAC","1","DAC"
"900","SM091208A1-2_IDD","L1_HAC","1","HAC"
"901","SM091208A1-2_IDF","L1_HAC","1","HAC"
"902","SM091208B1-2_IDA","L1_HAC","1","HAC"
"903","SM091208B1-2_IDB","L1_SLAC","1",NA
"904","SM091212A1-2_IDC","L1_SLAC","1",NA
"905","SM091212A1-2_IDG","L23_PC","23","PC"
"906","SM091214B1-3_IDF","L1_NGC-SA","1","NGC-SA"
"907","SM091214B1-3_IDG","L1_LSC_DAC","1",NA
"908","SM091214B1-3_IDH","L1_DAC","1","DAC"
"909","SM091216A1-3_IDM","L1_DAC","1","DAC"
"910","SM091216A1-3_IDO","L1_HAC","1","HAC"
"911","SM100115A1-5_IDM","L1_NGC-SA","1","NGC-SA"
"912","SM100224A1-4_IDC","L1_HAC","1","HAC"
"913","SM100224A1-4_IDE","L1_HAC","1","HAC"
"914","SM100330B1-2_IDB","L1_DAC","1","DAC"
"915","SM100408A1-2_IDA","L1_NGC-DA","1","NGC-DA"
"916","SM100408A1-2_IDB","L1_NGC-DA","1","NGC-DA"
"917","SM100427A1-6_INT_IDC","L23_PC","23","PC"
"918","SM100427A1-6_INT_IDH","L23_SBC","23","SBC"
"919","SM100428A1-3_RPINT_IDA","L23_PC","23","PC"
"920","SM100428A1-3_RPINT_IDB","L23_PC","23","PC"
"921","SM100428A1-3_RPINT_IDF","L23_ChC","23","ChC"
"922","SM100429A1-5_INT_IDB","L4_SP","4","SP"
"923","SM100429A1-5_INT_IDC","L4_SP","4","SP"
"924","SM100429A1-5_INT_IDD","L4_PC","4","PC"
"925","SM100429A1-5_INT_IDE","L4_SS","4","SS"
"926","SM100429A1-5_INT_IDF","L23_PC","23","PC"
"927","SM100429A1-5_INT_IDG","L4_SS","4","SS"
"928","SM100429A1-5_INT_IDH","L23_PC","23","PC"
"929","SM100429B1-2_INT_IDA","L23_PC","23","PC"
"930","SM100506A1-4_IDA","L23_PC","23","PC"
"931","SM100506A1-4_IDB","L23_DBC","23","DBC"
"932","SM100506A1-4_IDC","L23_MC","23","MC"
"933","SM100506A1-4_IDD","L23_SBC","23","SBC"
"934","SM100506A1-4_IDE","L23_PC","23","PC"
"935","SM100507A1-5_IDA","L23_DBC","23","DBC"
"936","SM100507A1-5_IDB","L23_PC","23","PC"
"937","SM100513A1-3_IDC","L1_DAC","1","DAC"
"938","SM100614A2","L1_Astrocyte","1",NA
"939","SM100616A1-4_INT_IDA","L23_PC","23","PC"
"940","SM100617A1-4_IDC","L23_PC","23","PC"
"941","SM100618B1-2_INT_IDA","L23_NGC","23","NGC"
"942","SM101020A1-6_INT_IDA","L23_MC","23","MC"
"943","SM101027A1_INT_IDA","L23_PC","23","PC"
"944","SM101027A1_INT_IDB","L23_PC","23","PC"
"945","SM101102A1-8_INT_IDA","L23_PC","23","PC"
"946","SM101102A1-8_INT_IDC","L23_PC","23","PC"
"947","SM101103B1-2_INT_IDC","L23_MC","23","MC"
"948","SM110120C1-2_INT_IDC","L23_LBC","23","LBC"
"949","SM110120C1-2_INT_IDD","L23_PC","23","PC"
"950","SM110125A1-3_IDA","L23_PC","23","PC"
"951","SM110125A1-3_IDB","L23_INT","23",NA
"952","SM110125A1-3_IDC","L23_LBC","23","LBC"
"953","SM110126C1-3_IDB","L23_MC","23","MC"
"954","SM110127A1-3_INT_IDD","L23_SBC","23","SBC"
"955","SM110127B1-3_INT_IDA","L23_PC","23","PC"
"956","SM110127B1-3_INT_IDB","L23_PC","23","PC"
"957","SM110127B1-3_INT_IDC","L23_BP","23","BP"
"958","SM110127B1-3_INT_IDD","L23_SBC","23","SBC"
"959","SM110128A1-2_INT_IDA","L23_PC","23","PC"
"960","SM110128A1-2_INT_IDB","L23_SBC","23","SBC"
"961","SM110131A1-3_INT_IDA","L23_PC","23","PC"
"962","SM120429_2PHOTON_A1-3_IDA","L1_DAC","1","DAC"
"963","SM120509A1-2_2PHOTON_IDA","L1_DAC","1","DAC"
"964","TKB050406_A1-5_IDA","L6_IPC","6","IPC"
"965","TKB050417A4_CH2_CC1_N_NN_60X_2","L6_IPC","6","IPC"
"966","TKB050505_A1-3_IDD","L6_UTPC","6","UTPC"
"967","TKB050507_B1-B4_IDE","L6_HPC","6",NA
"968","TKB050507_B1-B4_IDF","L6_TPC_L4","6","TPC_L4"
"969","TKB050507_B1-B4_IDG","L6_TPC_L4","6","TPC_L4"
"970","TKB050507_B1-B4_IDI","L6_HPC","6",NA
"971","TKB050507A1_CH1_BC_B_YW_60X_1","L6_NBC","6","NBC"
"972","TKB050507A1_CH5_BC_B_YW_60X_1","L6_LBC","6","LBC"
"973","TKB050507A1_CH7_CC2_B_YW_60X_1","L6CCPC","6",NA
"974","TKB051201B1_CH7_CT_N_ES_100X_1","L6CTPC","6",NA
"975","TKB051205A4_CH1_CC2_B_YW_60X_1","L6CCPC","6",NA
"976","TKB051205A4_CH3_CL_B_YW_60X_1","L6_BPC","6","BPC"
"977","TKB051205A4_CH7_BC_B_YW_60X_1","L6_NBC","6","NBC"
"978","TKB051215A3_CH1_CT_N_DB_100X_1","L6CCPC","6",NA
"979","TKB051215A3_CH3_CT_N_DB_100X_1","L6CCPC","6",NA
"980","TKB060112A1_CH2_CT_O_DB_60X_2","L6_TPC_L1","6","TPC_L1"
"981","TKB060118B1_CH1_CC1_B_YW_60X_1","L6_IPC","6","IPC"
"982","TKB060118B1_CH4_CC2_B_YW_60X_1","L6_UTPC","6","UTPC"
"983","TKB060118B1_CH6_BC_B_YW_60X_1","L6_LBC","6","LBC"
"984","TKB060119A2_CH2_CC2_N_AB_100X_2","L6CLPC","6",NA
"985","TKB060119B1_CH0_CC1_N_DB_60X_2","L6_IPC","6","IPC"
"986","TKB060123A1_CH1_CT_B_HW_60X_1","L6_TPC_L1","6","TPC_L1"
"987","TKB060123A1_CH4_CC1_B_HW_60X_1","L6_IPC","6","IPC"
"988","TKB060123A2_CH2_CT_X_DB_60X_2","L6_TPC_L1","6","TPC_L1"
"989","TKB060123A2_CH7_CC2_X_DB_60X_2","L6CCPC","6",NA
"990","TKB060126A2_CH3_BC_N_JH_100X_1","L6_SBC","6","SBC"
"991","TKB060127A1_CH1_BC_N_MP_100X_1","L6_LBC","6","LBC"
"992","TKB060127A1_CH3_CL_N_MP_100X_1","L6CSPC","6",NA
"993","TKB060212_A1-A2_IDI","L6_LBC","6","LBC"
"994","TKB060223A1_CH1_BC_B_YW_60X_1","L6_INT","6",NA
"995","TKB060223A1_CH5_BC_B_YW_60X_1","L6_INT","6",NA
"996","TKB060223B3_CH1_CC2_O_PS_60X_1","L6_TPC_L1","6","TPC_L1"
"997","TKB060224A3_CH1_CC2_O_DB_60X_2","L6_UTPC","6","UTPC"
"998","TKB060329A1_CH2_CL_N_JH_100X_1","L6_BPC","6","BPC"
"999","TKB060329A1_CH4_CL_O_DB_60X_1","L6_BPC","6","BPC"
"1000","TKB060329A2_CH1_CC1_O_DB_60X_2","L6_IPC","6","IPC"
"1001","TKB060424A2_CH0_CL_N_PS_100X_1","L6CLPC","6",NA
"1002","TKB060508_B1-B3_IDA","L6_MC","6","MC"
"1003","TKB060508_B1-B3_IDD","L6_NBC","6","NBC"
"1004","TKB060508A1_CH3_CC1_H_ZK_60X_1","L6_IPC","6","IPC"
"1005","TKB060508A1_CH5_CC1_H_ZK_60X_1","L6CCPC","6",NA
"1006","TKB060508A2_CH5_BC_H_ZK_60X_1","L6_NBC","6","NBC"
"1007","TKB060508B2_CH5_CC1_H_ZK_60X_1","L6_IPC","6","IPC"
"1008","TKB060508C1_CH3_MC_N_TB_100X_2","L6_MC","6","MC"
"1009","TKB060509A2_CH3_MC_N_EL_100X_1","L6_MC","6","MC"
"1010","TKB060510B1_CH1_CC2_N_DB_60X_1","L6_TPC_L1","6","TPC_L1"
"1011","TKB060510B2_CH5_CT_N_DB_100X_1","L6CTPC","6",NA
"1012","TKB060510B2_CH7_CC2_N_DB_60X_2","L6CCPC","6",NA
"1013","TKB060511A1_CH3_CC1_N_PS_100X_1","L6_IPC","6","IPC"
"1014","TKB060511A3_CH1_CC2_N_PS_100X_1","L6_UTPC","6","UTPC"
"1015","TKB060511A3_CH3_CL_N_JH_100X_1","L6_BPC","6","BPC"
"1016","TKB060523A2_CH5_CC2_N_NB_60X_1","L6_UTPC","6","UTPC"
"1017","TKB060523A3_CH1_CT_N_NB_60X_2","L6_TPC_L1","6","TPC_L1"
"1018","TKB060530_A1-A2_IDB","L6_LBC","6","LBC"
"1019","TKB060530A2_CH1_CT_N_AB_100X_1","L6_TPC_L1","6","TPC_L1"
"1020","TKB060530A2_CH5_BC_N_AB_100X_1","L6_LBC","6","LBC"
"1021","TKB060531A2_CH1_CC1_B_YW_60X_1","L6_IPC","6","IPC"
"1022","TKB060531A2_CH3_CL_B_YW_60X_1","L6CLPC","6",NA
"1023","TKB060531A2_CH5_CC1_B_YW_60X_1","L6CCPC","6",NA
"1024","TKB060531A2_CH7_BC_B_YW_60X_1","L6_LBC","6","LBC"
"1025","TKB060924A2_CH1_CL_N_SM_100X_0","L6CLPC","6",NA
"1026","TKB060924A2_CH5_CC2_N_AB_100X_1","L6CCPC","6",NA
"1027","TKB060924A2_CH7_CT_N_AB_100X_1","L6_TPC_L1","6","TPC_L1"
"1028","TKB060924B2_CH1_BC_N_OG_100X_1","L6_ChC","6","ChC"
"1029","TKB060924B2_CH5_CC2_N_OG_100X_1","L6_UTPC","6","UTPC"
"1030","TKB061006A2_CH0_CL_H_ZK_60X_0","L6_BPC","6","BPC"
"1031","TKB061006C1_CH0_CL_H_ZK_60X_0","L6_BPC","6","BPC"
"1032","TKB061009A2_CH2_CC1_N_DB_100X_1","L6CCPC","6",NA
"1033","TKB061009A2_CH6_CT_N_DB_100X_1","L6_TPC_L4","6","TPC_L4"
"1034","TKB061009A2_CH7_BC_N_DB_100X_1","L6_LBC","6","LBC"
"1035","TKB061020A1_CH1_CC2_B_YW_60X_1","L6_TPC_L4","6","TPC_L4"
"1036","TKB061020A1_CH2_CC2_B_YW_60X_1","L6_UTPC","6","UTPC"
"1037","TKB061020A1_CH4_CL_B_YW_60X_1","L6_BPC","6","BPC"
"1038","TKB061020A1_CH5_BC_B_YW_60X_1","L6_LBC","6","LBC"
"1039","TKB061020A1_CH6_CC2_B_YW_60X_1","L6_TPC_L1","6","TPC_L1"
"1040","TKB061020A1_CH7_CC2_B_YW_60X_1","L6_TPC_L4","6","TPC_L4"
"1041","TKB061020B1_CH1_BC_B_YW_60X_1","L6_LBC","6","LBC"
"1042","TKB061020B1_CH3_CC2_B_YW_60X_1","L6CCPC","6",NA
"1043","TKB061025B3_CH0_CC2_H_ZK_60X_1","L6_TPC_L4","6","TPC_L4"
"1044","TKB061026_B1-B3_IDF","L6_BTC","6","BTC"
"1045","TKB061026A2_CH2_BC_H_ZK_60X_0","L6_MC","6","MC"
"1046","TKB061026B1-3_IDC","L6_MC","6","MC"
"1047","TKB061030_A1-A2_IDE","L6_LBC","6","LBC"
"1048","TKB061030_A1-A2_IDF","L6_LBC","6","LBC"
"1049","TKB061101A1_CH4_CC2_H_ZK_60X_1","L6_UTPC","6","UTPC"
"1050","TKB061101A1_CH6_MC_H_ZK_60X_1","L6_MC","6","MC"
"1051","TKB061101A2_CH2_BC_H_ZK_60X_1","L6_LBC","6","LBC"
"1052","TKB061101A2_CH5_CT_H_ZK_60X_1","L6_TPC_L4","6","TPC_L4"
"1053","TKB061101A2_CH6_CC2_H_ZK_60X_1","L6_UTPC","6","UTPC"
"1054","TKB061102A1_CH2_CT_N_BS_100X_1","L6_TPC_L1","6","TPC_L1"
"1055","TKB061122A2_CH1_CT_N_RM_100X_1","L6_TPC_L1","6","TPC_L1"
"1056","TKB061123A1_CH1_CT_H_ZK_60X_H","L6_TPC_L4","6","TPC_L4"
"1057","TKB061126A1_CH0_CT_H_ZK_60X_1","L6_TPC_L1","6","TPC_L1"
"1058","TKB061126A2_CH0_CC1_H_ZK_60X_1","L6_IPC","6","IPC"
"1059","TKB061126A2_CH1_CC1_H_ZK_60X_1","L6_IPC","6","IPC"
"1060","TKB061126A3_CH0_CC2_H_ZK_60X_1","L6_UTPC","6","UTPC"
"1061","TKB061126A4_CH0_CC2_H_ZK_60X_1","L6_TPC_L4","6","TPC_L4"
"1062","TKB061130A4_CH1_CL_N_MP_100X_1","L6_BPC","6","BPC"
"1063","TKB061213A1_CH0_CC1_H_ZK_60X_1","L6_IPC","6","IPC"
"1064","TKB061213A2_CH1_CC1_H_ZK_60X_1","L6_IPC","6","IPC"
"1065","TKB061213A3_CH0_CC1_H_ZK_60X_1","L6_IPC","6","IPC"
"1066","TKB070125_A1-5_IDA","L6_LBC","6","LBC"
"1067","TKB070125_A1-5_IDG","L6_LBC","6","LBC"
"1068","TKB070125_A1-5_IDK","L6_LBC","6","LBC"
"1069","TKB070125_A1-5_IDL","L6_LBC","6","LBC"
"1070","TKB070125A3_CH0_CC1_B_HW_60X_1","L6CCPC","6",NA
"1071","TKB070125A3_CH1_CC2_B_HW_60X_1","L6_TPC_L1","6","TPC_L1"
"1072","TKB070125A3_CH2_BC_B_HW_60X_1","L6_IPC","6","IPC"
"1073","TKB070202A2_CH0_CC2_N_TB_100X_3","L6_TPC_L4","6","TPC_L4"
"1074","TKB070208_B1-B4_IDJ","L6_MC","6","MC"
"1075","TKB070208B3_CH0_CC1_N_MP_100X_1","L6_IPC","6","IPC"
"1076","TKB070208B3_CH1_CL_N_MP_100X_1","L6_BPC","6","BPC"
"1077","TKB070208B3_CH2_BC_N_MP_100X_1","L6_LBC","6","LBC"
"1078","TKB070809A2_CH3_BC_N_DB_100X_1","L6_LBC","6","LBC"
"1079","TKB071112B1-3_IDC","L6_MC","6","MC"
"1080","TKB071114A2_CH10_MC_N_DB_100X_1","L6_MC","6","MC"
"1081","TKB071114A2_CH2_CC2_N_DB_100X_1","L6_TPC_L4","6","TPC_L4"
"1082","TKB071114A2_CH4_MC_N_DB_100X_1","L6_DBC","6","DBC"
"1083","TKB071114A2_CH8_CC2_N_DB_100X_1","L6_TPC_L1","6","TPC_L1"
"1084","TKB071114A3_CH10_CC2_N_DB_100X_1","L6_UTPC","6","UTPC"
"1085","TKB071114A3_CH4_MC_N_DB_100X_1","L6_MC","6","MC"
"1086","TKB071119_A1-A3_IDG","L6_LBC","6","LBC"
"1087","TKB071119A1_CH12_CL_N_DB_100X_1","L6_BPC","6","BPC"
"1088","TKB071119A1_CH2_CC1_N_DB_100X_1","L6_IPC","6","IPC"
"1089","TKB071119A1_CH8_CC2_N_DB_100X_1","L6_TPC_L4","6","TPC_L4"
"1090","TKB071119A2_CH8_BC_N_DB_100X_1","L6_LBC","6","LBC"
"1091","TKB071120_B1_IDE","L6_MC","6","MC"
"1092","TKB071120_B1_IDF","L6_LBC","6","LBC"
"1093","TKB071123A2_CH10_CT_N_DB_100X_1","L6_TPC_L1","6","TPC_L1"
"1094","TKB080104_A1-A5_IDN","L6_LBC","6","LBC"
"1095","TKB091002A1_CH14_MC_N_FG_100X_1","L6_MC","6","MC"
"1096","TR050310_5_C1","L5_TTPC2","5","TTPC2"
"1097","TR050310_5_C2","L5_TTPC2","5","TTPC2"
"1098","TR050310_5_C3","L5_TTPC2","5","TTPC2"
"1099","TR050310_5_C4","L5_TTPC2","5","TTPC2"
"1100","TR050310_5_C5","L5_TTPC2","5","TTPC2"
"1101","TR050310_5_C6","L5_TTPC2","5","TTPC2"
"1102","TR050310_5_C7","L5_TTPC2","5","TTPC2"
"1103","TR050310_5_C8","L5_TTPC2","5","TTPC2"
"1104","TR050310_6_C1","L5_TTPC1","5","TTPC1"
"1105","TR050310_6_C10","L5_STPC","5","STPC"
"1106","TR050310_6_C11","L5_TTPC","5",NA
"1107","TR050310_6_C2","L5_TTPC2","5","TTPC2"
"1108","TR050310_6_C3","L5_TTPC1","5","TTPC1"
"1109","TR050310_6_C4","L5_TTPC1","5","TTPC1"
"1110","TR050310_6_C5","L5_STPC","5","STPC"
"1111","TR050310_6_C6","L5_TTPC1","5","TTPC1"
"1112","TR050310_6_C7","L5_TTPC2","5","TTPC2"
"1113","TR050310_6_C8","L5_TTPC2","5","TTPC2"
"1114","TR050310_6_C9","L5_TTPC2","5","TTPC2"
"1115","TR050311_7_C1","L5_TTPC2","5","TTPC2"
"1116","TR050311_7_C10","L5_TTPC1","5","TTPC1"
"1117","TR050311_7_C11","L5_TTPC1","5","TTPC1"
"1118","TR050311_7_C12","L5_TTPC1","5","TTPC1"
"1119","TR050311_7_C13","L5_TTPC1","5","TTPC1"
"1120","TR050311_7_C14","L5_TTPC2","5","TTPC2"
"1121","TR050311_7_C15","L5_TTPC1","5","TTPC1"
"1122","TR050311_7_C2","L5_TTPC2","5","TTPC2"
"1123","TR050311_7_C3","L5_TTPC1","5","TTPC1"
"1124","TR050311_7_C4","L5_TTPC1","5","TTPC1"
"1125","TR050311_7_C5","L5_STPC","5","STPC"
"1126","TR050311_7_C6","L5_TTPC1","5","TTPC1"
"1127","TR050311_7_C7","L5_TTPC1","5","TTPC1"
"1128","TR050311_7_C8","L5_TTPC2","5","TTPC2"
"1129","TR050311_7_C9","L5_TTPC1","5","TTPC1"
"1130","TR050319_4_IDA","L5_TTPC2","5","TTPC2"
"1131","TR050319_4_IDB","L5_TTPC2","5","TTPC2"
"1132","TR050319_4_IDC","L5_TTPC2","5","TTPC2"
"1133","TR050319_4_IDD","L5_TTPC2","5","TTPC2"
"1134","VD100617_IDA","L5_TTPC1","5","TTPC1"
"1135","VD100617_IDB","L5_TTPC1","5","TTPC1"
"1136","VD100621_IDA","L4_SP","4","SP"
"1137","VD100621_IDB","L23_NBC","23","NBC"
"1138","VD100621_IDC","L4_SP","4","SP"
"1139","VD100621_IDE","L4_PC","4","PC"
"1140","VD100621_IDF","L23_PC","23","PC"
"1141","VD100714B_IDA","L4_SBC","4","SBC"
"1142","VD100714B_IDB","L4_ChC","4","ChC"
"1143","VD100714C_IDA","L5_NBC","5","NBC"
"1144","VD100715C_IDA","L4_LBC","4","LBC"
"1145","VD100716B_IDA","L4_MC","4","MC"
"1146","VD100720A_IDA","L4_SP","4","SP"
"1147","VD100720B_IDF","L5_DBC","5","DBC"
"1148","VD100726A_IDA","L4_SP","4","SP"
"1149","VD100726A_IDB","L23_PC","23","PC"
"1150","VD100726A_IDC","L4_SBC","4","SBC"
"1151","VD100726B_IDA","L5_MC","5","MC"
"1152","VD100726B_IDB","L4_PC","4","PC"
"1153","VD100726B_IDC","L4_PC","4","PC"
"1154","VD100726B_IDE","L4_PC","4","PC"
"1155","VD100825_INT_IDA","L5_STPC","5","STPC"
"1156","VD101020A_IDA","L5_MC","5","MC"
"1157","VD101020A_IDB","L4_NBC","4","NBC"
"1158","VD101020A_IDC","L4_SP","4","SP"
"1159","VD101020B_IDB","L4_SBC","4","SBC"
"1160","VD101102B_INT_IDA","L4_SS","4","SS"
"1161","VD110112A_INT_IDA","L4_LBC","4","LBC"
"1162","VD110112B_INT_IDA","L23_LBC","23","LBC"
"1163","VD110120B_INT_IDB","L23_LBC","23","LBC"
"1164","VD110121A_INT_IDC","L4_SP","4","SP"
"1165","VD110125B_INT_IDA","L4_SP","4","SP"
"1166","VD110128C_INT_IDC","L23_PC","23","PC"
"1167","VD110315_IDB","L4_PC","4","PC"
"1168","VD110315_IDD","L5_STPC","5","STPC"
"1169","VD110315_IDE","L5_STPC","5","STPC"
"1170","VD110329_IDB","L5_TTPC2","5","TTPC2"
"1171","VD110330_IDA","L6_BPC","6","BPC"
"1172","VD110330_IDB","L5_TTPC2","5","TTPC2"
"1173","VD110330_IDC","L5_TTPC2","5","TTPC2"
"1174","VD110504_IDA","L5_TTPC1","5","TTPC1"
"1175","VD110504_IDB","L5_TTPC1","5","TTPC1"
"1176","VD110504_IDC","L5_TTPC1","5","TTPC1"
"1177","VD110506_IDA","L5_TTPC1","5","TTPC1"
"1178","VD110506_IDE","L5_TTPC2","5","TTPC2"
"1179","VD110511_IDG","L5_UTPC","5","UTPC"
"1180","VD110511_IDH","L5_UTPC","5","UTPC"
"1181","VD110511_IDI","L5_UTPC","5","UTPC"
"1182","VD110518_IDA","L5_TTPC","5",NA
"1183","VD110518_IDB","L4_SP","4","SP"
"1184","VD110524_IDA","L5_TTPC2","5","TTPC2"
"1185","VD110524_IDB","L5_UTPC","5","UTPC"
"1186","VD110527_IDA","L5_TTPC2","5","TTPC2"
"1187","VD110530_IDC","L5_TTPC1","5","TTPC1"
"1188","VD110530_IDD","L5_TTPC2","5","TTPC2"
"1189","VD110530_IDE","L5_TTPC2","5","TTPC2"
"1190","VD110530_IDF","L5_TTPC2","5","TTPC2"
"1191","VD110602_IDF","L5_STPC","5","STPC"
"1192","VD110607_IDE","L5_TTPC_special","5",NA
"1193","VD110610_IDA","L5_PC","5","PC"
"1194","VD110611_IDA","L5_TTPC2","5","TTPC2"
"1195","VD110611_IDD","L5_TTPC2","5","TTPC2"
"1196","VD110617_IDA","L5_TTPC1","5","TTPC1"
"1197","VD110623_IDA","L5_TTPC1","5","TTPC1"
"1198","VD110623_IDC","L5_UTPC","5","UTPC"
"1199","VD111007_IDE","L5_TTPC1","5","TTPC1"
"1200","VD111206_IDB","L5_TTPC1","5","TTPC1"
"1201","VD111206_IDD","L5_TTPC1","5","TTPC1"
"1202","VD111206_IDG","L5_TTPC1","5","TTPC1"
"1203","VD111207_IDB","L5_TTPC1","5","TTPC1"
"1204","VD111207_IDD","L5_STPC","5","STPC"
"1205","VD111208_IDA","L5_TTPC2","5","TTPC2"
"1206","VD111208_IDB","L5_TTPC2","5","TTPC2"
"1207","VD111209_IDA","L5_TTPC1","5","TTPC1"
"1208","VD111209_IDB","L5_STPC","5","STPC"
"1209","VD111211_IDD","L5_UTPC","5","UTPC"
"1210","VD111211_IDE","L5_TTPC1","5","TTPC1"
"1211","VD111211_IDF","L5_UTPC","5","UTPC"
"1212","VD111219_IDE","L5_STPC","5","STPC"
"1213","VD111219_IDF","L5_TTPC1","5","TTPC1"
"1214","VD111221_IDB","L5_TTPC2","5","TTPC2"
"1215","VD120112_IDB","L5_UTPC","5","UTPC"
"1216","VD120112_IDJ","L5_STPC","5","STPC"
"1217","VD120224_IDC","L5_UTPC","5","UTPC"
"1218","VD130423_IDA","L5_TTPC1","5","TTPC1"
"1219","VD130423_IDB","L5_UTPC","5","UTPC"
"1220","SM100428A1-3_IDF","L23_ChC","23","ChC"
"1221","VD110120_INT-B_IDB","L23_LBC","23","LBC"
"1222","VD110112_INT_B_IDA","L23_LBC","23","LBC"
"1223","SM100427A1-6_IDH","L23_SBC","23","SBC"
"1224","SM100618B1-2_IDA","L23_NGC","23","NGC"
"1225","SM100428A1-3_IDA","L23_PC","23","PC"
"1226","SM091212A1_C3","L23_PC","23","PC"
"1227","SM100428A1-3_IDB","L23_PC","23","PC"
"1228","VD110112_INT_A_IDA","L4_LBC","4","LBC"
"1229","VD100726A_INT_IDC","L4_SBC","4","SBC"
"1230","VD101020B_INT_IDB","L4_SBC","4","SBC"
"1231","VD110125_INT-B_IDA","L4_SP","4","SP"
"1232","VD101020A_INT_IDA","L5_MC","5","MC"
"1233","VD100726B_INT_IDA","L5_MC","5","MC"
"1234","SM080930A1","L1_DAC","1","DAC"
"1235","SM080619A6","L1_DAC","1","DAC"
"1236","SM091216A2_C1","L1_DAC","1","DAC"
"1237","SM080902A3-2","L1_DAC","1","DAC"
"1238","SM080529A2-3","L1_DAC","1","DAC"
"1239","SM080625A1","L1_DAC","1","DAC"
"1240","SM100330B2_IDB","L1_DAC","1","DAC"
"1241","SM080723A3-1","L1_DAC","1","DAC"
"1242","SM080529A4","L1_NGC-SA","1","NGC-SA"
"1243","SM080902A3-3","L1_NGC-SA","1","NGC-SA"
"1244","SM080903A2","L1_NGC-SA","1","NGC-SA"
"1245","SM080723A3-2","L1_NGC-SA","1","NGC-SA"
"1246","SM090224B2","L1_NGC-SA","1","NGC-SA"
"1247","SM081017B4-3","L1_HAC","1","HAC"
"1248","SM080905A3","L1_HAC","1","HAC"
"1249","SM081009A3","L1_HAC","1","HAC"
"1250","SM080902A3-1","L1_HAC","1","HAC"
"1251","SM080908A1","L1_HAC","1","HAC"
"1252","SM091208A1_C2","L1_HAC","1","HAC"
"1253","SM081119A6","L1_HAC","1","HAC"
"1254","SM080618A2","L1_HAC","1","HAC"
"1255","SM080918A1","L1_HAC","1","HAC"
"1256","SM081009A4","L1_HAC","1","HAC"
"1257","SM091208A1_C1","L1_HAC","1","HAC"
"1258","SM080905B1","L1_HAC","1","HAC"
"1259","SM080908A4","L1_HAC","1","HAC"
"1260","SM091216A2_C2","L1_HAC","1","HAC"
"1261","SM081017B1-1","L1_HAC","1","HAC"
"1262","SM080904A5-2","L1_HAC","1","HAC"
"1263","SM090317A2_IDB","L1_HAC","1","HAC"
"1264","SM081009A2","L1_HAC","1","HAC"
"1265","SM080917A1-4","L1_SLAC","1",NA
"1266","SM080918A2","L1_SLAC","1",NA
"1267","C280206K","L1_SLAC","1",NA
"1268","SM080529A2-2","L1_SLAC","1",NA
"1269","SM091212A1_C1","L1_SLAC","1",NA
"1270","SM080908A3","L1_SLAC","1",NA
"1271","SM080905A2","L1_NGC-DA","1","NGC-DA"
"1272","SM081017B6","L1_NGC-DA","1","NGC-DA"
"1273","SM080903A1","L1_NGC-DA","1","NGC-DA"
"1274","SM081009A1","L1_NGC-DA","1","NGC-DA"
"1275","SM080905A1","L1_NGC-DA","1","NGC-DA"
"1276","SM100408A1_IDB","L1_NGC-DA","1","NGC-DA"
"1277","SM080619A7","L1_NGC-DA","1","NGC-DA"
"1278","SM081010A4-1","L1_NGC-DA","1","NGC-DA"
"1279","SM081010A5-1","L1_NGC-DA","1","NGC-DA"
"1280","SM080722B2","L1_NGC-DA","1","NGC-DA"
